ATCACGAT	ATCACGGAAAC	NULL-1
ATCACGAT	TTAGGCGGAAA	CRISPR-SMPL-1
ATCACGAT	ACTTGACGGAA	CRISPR-SMPL-2
ATCACGAT	GATCAGTAGGA	CRISPR-SMPL-3
ATCACGAT	TAGCTTACAGG	CRISPR-SMPL-4
ATCACGAT	GGCTACGAGTG	CRISPR-SMPL-5
ATCACGAT	TGACCAGAAAC	NULL-2
ATCACGAT	GCCAATTGAAA	CRISPR-SMPL-6
TTAGGCAT	ATCACGGAAAC	CRISPR-SMPL-7
TTAGGCAT	TTAGGCGGAAA	CRISPR-CNTRL-1
TTAGGCAT	ACTTGACGGAA	CRISPR-CNTRL-2
TTAGGCAT	GATCAGTAGGA	CRISPR-CNTRL-3
TTAGGCAT	TAGCTTACAGG	CRISPR-CNTRL-4
TTAGGCAT	GGCTACGAGTG	CRISPR-CNTRL-5
TTAGGCAT	TGACCAGAAAC	CRISPR-CNTRL-6
TTAGGCAT	GCCAATTGAAA	CRISPR-CNTRL-7
